{
	"info": {
		"_postman_id": "9286c248-2a56-48b3-ab01-c6ae64a3fea6",
		"name": "Phonotics (KYC)",
		"schema": "https://schema.getpostman.com/json/collection/v2.1.0/collection.json",
		"_exporter_id": "32994295"
	},
	"item": [
		{
			"name": "Auth",
			"item": [
				{
					"name": "signup",
					"request": {
						"method": "POST",
						"header": [
							{
								"key": "Content-Type",
								"value": "application/json",
								"name": "Content-Type",
								"type": "text"
							},
							{
								"key": "Init-Country",
								"value": "{{init_country}}",
								"type": "text"
							},
							{
								"key": "Channel-Identifier",
								"value": "{{channel_identifier}}",
								"type": "text"
							},
							{
								"key": "Unique-Reference",
								"value": "{{unique_reference}}",
								"type": "text"
							},
							{
								"key": "Time-Stamp",
								"value": "{{time_stamp}}",
								"type": "text"
							}
						],
						"body": {
							"mode": "raw",
							"raw": "{\n\t\"email\":\"zeid.zen3@gmail.com\",\n\t\"name\":\"zeid zein\",\n\t\"password\":\"123456789\"\n}"
						},
						"url": {
							"raw": "{{dev_ip}}/api/v2/auth/signup/",
							"host": [
								"{{dev_ip}}"
							],
							"path": [
								"api",
								"v2",
								"auth",
								"signup",
								""
							]
						}
					},
					"response": []
				},
				{
					"name": "/users",
					"request": {
						"auth": {
							"type": "bearer",
							"bearer": [
								{
									"key": "token",
									"value": "{{token}}",
									"type": "string"
								}
							]
						},
						"method": "GET",
						"header": [
							{
								"key": "Init-Country",
								"value": "{{init_country}}",
								"type": "text"
							},
							{
								"key": "Channel-Identifier",
								"value": "{{channel_identifier}}",
								"type": "text"
							},
							{
								"key": "Unique-Reference",
								"value": "{{unique_reference}}",
								"type": "text"
							},
							{
								"key": "Time-Stamp",
								"value": "{{time_stamp}}",
								"type": "text"
							}
						],
						"url": {
							"raw": "{{dev_ip}}/api/v2/auth/users",
							"host": [
								"{{dev_ip}}"
							],
							"path": [
								"api",
								"v2",
								"auth",
								"users"
							]
						}
					},
					"response": []
				},
				{
					"name": "login",
					"event": [
						{
							"listen": "test",
							"script": {
								"exec": [
									"var jsonData = pm.response.json()\r",
									"var token = jsonData.token\r",
									"\r",
									"// Saving the token to a collection variable\r",
									"pm.collectionVariables.set(\"token\", token)"
								],
								"type": "text/javascript",
								"packages": {}
							}
						}
					],
					"request": {
						"method": "POST",
						"header": [
							{
								"key": "Init-Country",
								"value": "{{init_country}}",
								"type": "text"
							},
							{
								"key": "Channel-Identifier",
								"value": "{{channel_identifier}}",
								"type": "text"
							},
							{
								"key": "Unique-Reference",
								"value": "{{unique_reference}}",
								"type": "text"
							},
							{
								"key": "Time-Stamp",
								"value": "{{time_stamp}}",
								"type": "text"
							}
						],
						"body": {
							"mode": "raw",
							"raw": "{\n\t\"email\":\"admin@Arabbank.com\",\n\t\"password\":\"123456789\"\n}",
							"options": {
								"raw": {
									"language": "json"
								}
							}
						},
						"url": {
							"raw": "{{dev_ip}}/api/v2/auth/login",
							"host": [
								"{{dev_ip}}"
							],
							"path": [
								"api",
								"v2",
								"auth",
								"login"
							]
						}
					},
					"response": []
				},
				{
					"name": "Change passowrd",
					"request": {
						"auth": {
							"type": "bearer",
							"bearer": [
								{
									"key": "token",
									"value": "{{token}}",
									"type": "string"
								}
							]
						},
						"method": "POST",
						"header": [
							{
								"key": "Init-Country",
								"value": "{{init_country}}",
								"type": "text"
							},
							{
								"key": "Channel-Identifier",
								"value": "{{channel_identifier}}",
								"type": "text"
							},
							{
								"key": "Unique-Reference",
								"value": "{{unique_reference}}",
								"type": "text"
							},
							{
								"key": "Time-Stamp",
								"value": "{{time_stamp}}",
								"type": "text"
							}
						],
						"body": {
							"mode": "raw",
							"raw": "{\n    \"public_id\": \"e5fe0779-c2b7-46bc-9bee-2e8022bcdfcb\",\n    \"password\": \"123456789\"\n}",
							"options": {
								"raw": {
									"language": "json"
								}
							}
						},
						"url": {
							"raw": "{{dev_ip}}/api/v2/auth/change_pass",
							"host": [
								"{{dev_ip}}"
							],
							"path": [
								"api",
								"v2",
								"auth",
								"change_pass"
							]
						}
					},
					"response": []
				}
			]
		},
		{
			"name": "corporates",
			"item": [
				{
					"name": "Corporate Add",
					"request": {
						"auth": {
							"type": "bearer",
							"bearer": [
								{
									"key": "token",
									"value": "{{token}}",
									"type": "string"
								}
							]
						},
						"method": "POST",
						"header": [
							{
								"key": "Init-Country",
								"value": "{{init_country}}",
								"type": "text"
							},
							{
								"key": "Channel-Identifier",
								"value": "{{channel_identifier}}",
								"type": "text"
							},
							{
								"key": "Unique-Reference",
								"value": "{{unique_reference}}",
								"type": "text"
							},
							{
								"key": "Time-Stamp",
								"value": "{{time_stamp}}",
								"type": "text"
							}
						],
						"body": {
							"mode": "raw",
							"raw": "{\r\n    \"parameters\": {\r\n        \"party_id\": \"0802\",\r\n        \"company_type\":\"ff\",\r\n        \"organization\": \"AB\",\r\n        \"role\": \"CO\",\r\n        \"source_country\": \"JO\",\r\n        \"sequence\": 1\r\n    },\r\n    \"object\": {\r\n        \"names\": {\r\n            \"full_name_ar\": \"رنا جمال ابو شقاره\",\r\n            \"full_name_en\": \"rana\",\r\n            \"commercial_name_ar\": \".جمال\",\r\n            \"commercial_name_en\": \"jamal\",\r\n            \"cor_full_name_en\": \"نايف\",\r\n            \"cor_full_name_ar\": \"nayef\",\r\n            \"short_name_ar\": \"رنا ابو شقاره\",\r\n            \"short_name_en\": \"\"\r\n        },\r\n        \"nationalities\": [\r\n            {\r\n                \"national_number\": \"9842011923\",\r\n                \"nationality\": \"JO\"\r\n            }\r\n        ],\r\n        \"parties_country\": {\r\n            \"country_of_origin\": \"JO\",\r\n            \"registration_number\": \"ff\",\r\n            \"tax_identification_number\": \"ff\",\r\n            \"country_of_registration\": \"ff\",\r\n            \"license_profession_number\": \"ff\"\r\n\r\n        }\r\n    }\r\n}",
							"options": {
								"raw": {
									"language": "json"
								}
							}
						},
						"url": {
							"raw": "{{dev_ip}}/api/v2/corporate/add/",
							"host": [
								"{{dev_ip}}"
							],
							"path": [
								"api",
								"v2",
								"corporate",
								"add",
								""
							]
						}
					},
					"response": []
				},
				{
					"name": "Corporate Update",
					"request": {
						"auth": {
							"type": "bearer",
							"bearer": [
								{
									"key": "token",
									"value": "{{token}}",
									"type": "string"
								}
							]
						},
						"method": "PUT",
						"header": [
							{
								"key": "Init-Country",
								"value": "{{init_country}}",
								"type": "text"
							},
							{
								"key": "Channel-Identifier",
								"value": "{{channel_identifier}}",
								"type": "text"
							},
							{
								"key": "Unique-Reference",
								"value": "{{unique_reference}}",
								"type": "text"
							},
							{
								"key": "Time-Stamp",
								"value": "{{time_stamp}}",
								"type": "text"
							}
						],
						"body": {
							"mode": "raw",
							"raw": "{\r\n    \"parameters\": {\r\n        \"company_type\": \"ff\",\r\n        \"organization\": \"AB\",\r\n        \"role\": \"CO\",\r\n        \"source_country\": \"JO\",\r\n        \"sequence\": 1,\r\n        \"is_searchable\": true,\r\n        \"is_deleted\": false\r\n    },\r\n    \"object\": {\r\n        \"names\": {\r\n            \"full_name_ar\": \"رنا جمال ابو شقاره\",\r\n            \"full_name_en\": \"vvvvvvvvv\",\r\n            \"commercial_name_ar\": \".جمال\",\r\n            \"commercial_name_en\": \"jamal\",\r\n            \"cor_full_name_en\": \"نايف\",\r\n            \"cor_full_name_ar\": \"nayef\",\r\n            \"short_name_ar\": \"رنا ابو شقاره\",\r\n            \"short_name_en\": \"fffff\"\r\n        },\r\n        \"nationalities\": [\r\n            {\r\n                \"national_number\": \"9842011923\",\r\n                \"nationality\": \"JO\"\r\n            }\r\n        ],\r\n        \"parties_country\": {\r\n            \"country_of_origin\": \"JO\",\r\n            \"registration_number\": \"ff\",\r\n            \"tax_identification_number\": \"ff\",\r\n            \"country_of_registration\": \"ff\",\r\n            \"license_profession_number\": \"ff\"\r\n        }\r\n    }\r\n}",
							"options": {
								"raw": {
									"language": "json"
								}
							}
						},
						"url": {
							"raw": "{{dev_ip}}/api/v2/corporate/update/I14154251",
							"host": [
								"{{dev_ip}}"
							],
							"path": [
								"api",
								"v2",
								"corporate",
								"update",
								"I14154251"
							]
						}
					},
					"response": []
				},
				{
					"name": "Corporate Compare",
					"request": {
						"auth": {
							"type": "bearer",
							"bearer": [
								{
									"key": "token",
									"value": "{{token}}",
									"type": "string"
								}
							]
						},
						"method": "POST",
						"header": [
							{
								"key": "Init-Country",
								"value": "{{init_country}}",
								"type": "text"
							},
							{
								"key": "Channel-Identifier",
								"value": "{{channel_identifier}}",
								"type": "text"
							},
							{
								"key": "Unique-Reference",
								"value": "{{unique_reference}}",
								"type": "text"
							},
							{
								"key": "Time-Stamp",
								"value": "{{time_stamp}}",
								"type": "text"
							}
						],
						"body": {
							"mode": "raw",
							"raw": "{\n    \"parameters\": {\n        \"pre_processing\": true\n    },\n    \"object_one\": {\n        \"parties\": {\n            \"company_type\": \"AC\",\n            \"is_deleted\": \"y\",\n            \"is_searchable\": \"y\",\n            \"party_type\": \"\"\n        },\n        \"names\": {\n            \"commercial_name_ar\": \"مذعم القنذرة السياحي\",\n            \"commercial_name_en\": \"alqantarah restorant\",\n            \"cor_full_name_ar\": \"شركة وادي موسى للاستثمارات السياحية\",\n            \"cor_full_name_en\": \"\",\n            \"full_name_ar\": \"شركة عبر السحاب لخدمات الاتصالات السياحية\",\n            \"full_name_en\": \"transjordan building materials co\",\n            \"short_name_ar\": \"شركة وادي موسى\",\n            \"short_name_en\": \"\"\n        },\n        \"nationalities\": {\n            \"national_number\": \"200099953\",\n            \"nationality\": \"JO\"\n        },\n        \"parties_country\": {\n            \"country_of_origin\": \"JO\",\n            \"country_of_registration\": \"ِ\",\n            \"license_profession_number\": \"155\",\n            \"registration_number\": \"174348\",\n            \"tax_identification_number\": \"16800532\"\n        }\n    },\n    \"object_two\": {\n        \"parties\": {\n            \"company_type\": \"AC\",\n            \"is_deleted\": \"y\",\n            \"is_searchable\": \"y\",\n            \"party_type\": \"\"\n        },\n        \"names\": {\n            \"commercial_name_ar\": \"مذعم القنذرة السياحي\",\n            \"commercial_name_en\": \"alqantarah restorant\",\n            \"cor_full_name_ar\": \"شركة وادي موسى للاستثمارات السياحية\",\n            \"cor_full_name_en\": \"\",\n            \"full_name_ar\": \"شركة عبر السحاب لخدمات الاتصالات السياحية\",\n            \"full_name_en\": \"transjordan building materials co\",\n            \"short_name_ar\": \"شركة وادي موسى\",\n            \"short_name_en\": \"\"\n        },\n        \"nationalities\": {\n            \"national_number\": \"10052935\",\n            \"nationality\": \"JO\"\n        },\n        \"parties_country\": {\n            \"country_of_origin\": \"JO\",\n            \"country_of_registration\": \"ِ\",\n            \"license_profession_number\": \"3880/8\",\n            \"registration_number\": \"9801\",\n            \"tax_identification_number\": \"001244922\"\n        }\n    }\n}",
							"options": {
								"raw": {
									"language": "json"
								}
							}
						},
						"url": {
							"raw": "{{dev_ip}}/api/v2/corporate/compare/",
							"host": [
								"{{dev_ip}}"
							],
							"path": [
								"api",
								"v2",
								"corporate",
								"compare",
								""
							]
						}
					},
					"response": []
				},
				{
					"name": "Corporate Search by Keys",
					"request": {
						"auth": {
							"type": "bearer",
							"bearer": [
								{
									"key": "token",
									"value": "{{token}}",
									"type": "string"
								}
							]
						},
						"method": "POST",
						"header": [
							{
								"key": "Init-Country",
								"value": "{{init_country}}",
								"type": "text"
							},
							{
								"key": "Channel-Identifier",
								"value": "{{channel_identifier}}",
								"type": "text"
							},
							{
								"key": "Unique-Reference",
								"value": "{{unique_reference}}",
								"type": "text"
							},
							{
								"key": "Time-Stamp",
								"value": "{{time_stamp}}",
								"type": "text"
							}
						],
						"body": {
							"mode": "raw",
							"raw": "{\r\n    \"party_id\": \"0995\",\r\n    \"role\": \"CO\",\r\n    \"sequence\": \"1\",\r\n    \"source_country\": \"JO\",\r\n    \"organization\": \"AB\",\r\n    \"size\": 10,\r\n    \"pre_processing\": true,\r\n    \"party_id_not_in\": []\r\n}",
							"options": {
								"raw": {
									"language": "json"
								}
							}
						},
						"url": {
							"raw": "{{dev_ip}}/api/v2/corporate/search-keys/",
							"host": [
								"{{dev_ip}}"
							],
							"path": [
								"api",
								"v2",
								"corporate",
								"search-keys",
								""
							]
						}
					},
					"response": []
				},
				{
					"name": "Corporate Search by Object",
					"request": {
						"auth": {
							"type": "bearer",
							"bearer": [
								{
									"key": "token",
									"value": "{{token}}",
									"type": "string"
								}
							]
						},
						"method": "POST",
						"header": [
							{
								"key": "Init-Country",
								"value": "{{init_country}}",
								"type": "text"
							},
							{
								"key": "Channel-Identifier",
								"value": "{{channel_identifier}}",
								"type": "text"
							},
							{
								"key": "Unique-Reference",
								"value": "{{unique_reference}}",
								"type": "text"
							},
							{
								"key": "Time-Stamp",
								"value": "{{time_stamp}}",
								"type": "text"
							}
						],
						"body": {
							"mode": "raw",
							"raw": "{\r\n    \"parameters\": {\r\n        \"source_country\": \"string\",\r\n        \"size\": 10,\r\n        \"pre_processing\": true,\r\n        \"party_id_not_in\": [\r\n            \"string\"\r\n        ]\r\n    },\r\n    \"object\": {\r\n        \"names\": {\r\n            \"commercial_name_en\": \"jamal\",\r\n            \"party_type\": \"corporate\",\r\n            \"short_name_ar\": \"رنا ابو شقاره\",\r\n            \"full_name_ar\": \"رنا جمال ابو شقاره\",\r\n            \"cor_full_name_en\": \"نايف\",\r\n            \"cor_full_name_ar\": \"nayef\",\r\n            \"commercial_name_ar\": \".جمال\",\r\n            \"full_name_en\": \"rana\",\r\n            \"short_name_en\": \"\"\r\n        },\r\n        \"parties_country\": {\r\n            \"country_of_origin\": \"JO\",\r\n            \"country_of_registration\": \"ff\",\r\n            \"registration_number\": \"ff\",\r\n            \"license_profession_number\": \"ff\",\r\n            \"tax_identification_number\": \"ff\"\r\n        },\r\n        \"nationalities\": [\r\n            {\r\n                \"nationality\": \"JO\",\r\n                \"national_number\": \"9842011923\"\r\n            }\r\n        ]\r\n    }\r\n}",
							"options": {
								"raw": {
									"language": "json"
								}
							}
						},
						"url": {
							"raw": "{{dev_ip}}/api/v2/corporate/search-object/",
							"host": [
								"{{dev_ip}}"
							],
							"path": [
								"api",
								"v2",
								"corporate",
								"search-object",
								""
							]
						}
					},
					"response": []
				}
			]
		},
		{
			"name": "individuals",
			"item": [
				{
					"name": "Individuals Add",
					"request": {
						"auth": {
							"type": "bearer",
							"bearer": [
								{
									"key": "token",
									"value": "{{token}}",
									"type": "string"
								}
							]
						},
						"method": "POST",
						"header": [
							{
								"key": "Content-Type",
								"value": "application/json",
								"name": "Content-Type",
								"type": "text"
							},
							{
								"key": "Init-Country",
								"value": "{{init_country}}",
								"type": "text"
							},
							{
								"key": "Channel-Identifier",
								"value": "{{channel_identifier}}",
								"type": "text"
							},
							{
								"key": "Unique-Reference",
								"value": "{{unique_reference}}",
								"type": "text"
							},
							{
								"key": "Time-Stamp",
								"value": "{{time_stamp}}",
								"type": "text"
							},
							{
								"key": "x-access-token",
								"value": "{{token}}",
								"type": "text"
							}
						],
						"body": {
							"mode": "raw",
							"raw": "{\n    \"parameters\": {\n        \"party_id\": \"01202\",\n        \"organization\": \"AB\",\n        \"role\": \"LL3\",\n        \"source_country\": \"JO\",\n        \"sequence\": 1\n    },\n    \"object\": {\n        \"names\": {\n            \"first_name_ar\": \"رنا\",\n            \"first_name_en\": \"rana\",\n            \"full_name_ar\": \"رنا جمال ابو شقاره\",\n            \"full_name_en\": \"\",\n            \"last_name_ar\": \"ابو شقاره\",\n            \"last_name_en\": \"abu shaqara\",\n            \"mother_name_ar\": \"نهيل\",\n            \"mother_name_en\": \"\",\n            \"second_name_ar\": \".جمال\",\n            \"second_name_en\": \"jamal\",\n            \"short_name_ar\": \"رنا ابو شقاره\",\n            \"short_name_en\": \"\",\n            \"third_name_ar\": \"نايف\",\n            \"third_name_en\": \"nayef\"\n        },\n        \"nationalities\": [\n            {\n                \"document_number\": \"\",\n                \"document_type\": \"\",\n                \"national_number\": \"9842011923\",\n                \"nationality\": \"JO\"\n            }\n        ],\n        \"parties_country\": {\n            \"country_of_origin\": \"JO\",\n            \"date_of_birth\": \"1990-10-10\",\n            \"place_of_birth\": \"Amman\"\n        }\n    }\n}"
						},
						"url": {
							"raw": "{{dev_ip}}/api/v2/individuals/add/",
							"host": [
								"{{dev_ip}}"
							],
							"path": [
								"api",
								"v2",
								"individuals",
								"add",
								""
							]
						}
					},
					"response": []
				},
				{
					"name": "Individuals Update",
					"request": {
						"auth": {
							"type": "bearer",
							"bearer": [
								{
									"key": "token",
									"value": "{{token}}",
									"type": "string"
								}
							]
						},
						"method": "PUT",
						"header": [
							{
								"key": "Init-Country",
								"value": "{{init_country}}",
								"type": "text"
							},
							{
								"key": "Channel-Identifier",
								"value": "{{channel_identifier}}",
								"type": "text"
							},
							{
								"key": "Unique-Reference",
								"value": "{{unique_reference}}",
								"type": "text"
							},
							{
								"key": "Time-Stamp",
								"value": "{{time_stamp}}",
								"type": "text"
							}
						],
						"body": {
							"mode": "raw",
							"raw": "{\n    \"parameters\": {\n        \"is_searchable\": true,\n        \"is_deleted\": false,\n        \"organization\": \"AB\",\n        \"role\": \"LL1\",\n        \"source_country\": \"JO\",\n        \"sequence\": \"1\"\n    },\n    \"object\": {\n        \"names\": {\n            \"first_name_ar\": \"ttttttttttttttt\",\n            \"first_name_en\": \"\",\n            \"full_name_ar\": \"علا ء البنا\",\n            \"full_name_en\": \"alaa banna\",\n            \"last_name_ar\": \"زين العابدين\",\n            \"last_name_en\": \"\",\n            \"second_name_ar\": \"نعيم\",\n            \"second_name_en\": \"Naeem\",\n            \"third_name_ar\": \"\",\n            \"third_name_en\": \"\",\n            \"short_name_ar\": \"\",\n            \"short_name_en\": \"\",\n            \"mother_name_ar\": \"\",\n            \"mother_name_en\": \"\"\n        },\n        \"nationalities\": [\n            {\n                \"nationality\": \"\",\n                \"document_number\": \"\",\n                \"document_type\": \"\",\n                \"national_number\": \"\"\n            }\n        ],\n        \"parties_country\": {\n            \"date_of_birth\": \"jjjj\",\n            \"country_of_origin\": \"\",\n            \"place_of_birth\": \"\"\n        }\n    }\n}",
							"options": {
								"raw": {
									"language": "json"
								}
							}
						},
						"url": {
							"raw": "{{dev_ip}}/api/v2/individuals/update/05",
							"host": [
								"{{dev_ip}}"
							],
							"path": [
								"api",
								"v2",
								"individuals",
								"update",
								"05"
							]
						}
					},
					"response": []
				},
				{
					"name": "Individuals Compare",
					"request": {
						"auth": {
							"type": "bearer",
							"bearer": [
								{
									"key": "token",
									"value": "{{token}}",
									"type": "string"
								}
							]
						},
						"method": "POST",
						"header": [
							{
								"key": "Init-Country",
								"value": "{{init_country}}",
								"type": "text"
							},
							{
								"key": "Channel-Identifier",
								"value": "{{channel_identifier}}",
								"type": "text"
							},
							{
								"key": "Unique-Reference",
								"value": "{{unique_reference}}",
								"type": "text"
							},
							{
								"key": "Time-Stamp",
								"value": "{{time_stamp}}",
								"type": "text"
							}
						],
						"body": {
							"mode": "raw",
							"raw": "{\n    \"parameters\": {\n        \"pre_processing\": true\n    },\n    \"object_one\": {\n        \"names\": {\n            \"first_name_ar\": \"زيد\",\n            \"first_name_en\": \"rana\",\n            \"full_name_ar\": \"رنا جمال ابو شقاره\",\n            \"full_name_en\": \"\",\n            \"last_name_ar\": \"ابو شقاره\",\n            \"last_name_en\": \"abu shaqara\",\n            \"mother_name_ar\": \"نهيل\",\n            \"mother_name_en\": \"\",\n            \"second_name_ar\": \".جمال\",\n            \"second_name_en\": \"jamal\",\n            \"short_name_ar\": \"رنا ابو شقاره\",\n            \"short_name_en\": \"\",\n            \"third_name_ar\": \"نايف\",\n            \"third_name_en\": \"nayef\"\n        },\n        \"nationalities\":{\n            \"document_number\": \"\",\n            \"document_type\": \"\",\n            \"national_number\": \"9842011923\",\n            \"nationality\": \"JO\"\n            },\n        \"parties_country\": {\n            \"country_of_origin\": \"JO\",\n            \"date_of_birth\": \"1990-10-10\",\n            \"place_of_birth\": \"\"\n        }\n    },\n    \"object_two\": {\n        \"names\": {\n            \"first_name_ar\": \"زياد\",\n            \"first_name_en\": \"rama\",\n            \"full_name_ar\": \"راما ماهر عبد شنيور\",\n            \"full_name_en\": \"\",\n            \"last_name_ar\": \"شنيور\",\n            \"last_name_en\": \"shneiwer\",\n            \"mother_name_ar\": \"\",\n            \"mother_name_en\": \"sereen\",\n            \"organization\": \"AB\",\n            \"role\": \"AH\",\n            \"second_name_ar\": \"ماهر\",\n            \"second_name_en\": \"maher\",\n            \"sequence\": 3,\n            \"short_name_ar\": \"راما ماهر\",\n            \"short_name_en\": \"\",\n            \"source_country\": \"JO\",\n            \"third_name_ar\": \"عبد\",\n            \"third_name_en\": \"abed\"\n        },\n        \"nationalities\": {\n                \"document_number\": \"\",\n                \"document_type\": \"\",\n                \"national_number\": \"9902055303\",\n                \"nationality\": \"JO\"\n            },\n        \"parties_country\": {\n            \"country_of_origin\": \"JO\",\n            \"date_of_birth\": \"2005-5-5\",\n            \"place_of_birth\": \"\"\n        }\n    }\n}",
							"options": {
								"raw": {
									"language": "json"
								}
							}
						},
						"url": {
							"raw": "{{dev_ip}}/api/v2/individuals/compare/",
							"host": [
								"{{dev_ip}}"
							],
							"path": [
								"api",
								"v2",
								"individuals",
								"compare",
								""
							]
						}
					},
					"response": []
				},
				{
					"name": "Individuals  Search by Keys",
					"request": {
						"auth": {
							"type": "bearer",
							"bearer": [
								{
									"key": "token",
									"value": "{{token}}",
									"type": "string"
								}
							]
						},
						"method": "POST",
						"header": [
							{
								"key": "Init-Country",
								"value": "{{init_country}}",
								"type": "text"
							},
							{
								"key": "Channel-Identifier",
								"value": "{{channel_identifier}}",
								"type": "text"
							},
							{
								"key": "Unique-Reference",
								"value": "{{unique_reference}}",
								"type": "text"
							},
							{
								"key": "Time-Stamp",
								"value": "{{time_stamp}}",
								"type": "text"
							}
						],
						"body": {
							"mode": "raw",
							"raw": "{\r\n    \"party_id\": \"012\",\r\n    \"role\": \"LL3\",\r\n    \"sequence\": 1,\r\n    \"source_country\": \"JO\",\r\n    \"organization\": \"AB\",\r\n    \"size\": 100,\r\n    \"pre_processing\": true,\r\n    \"party_id_not_in\": []\r\n}",
							"options": {
								"raw": {
									"language": "json"
								}
							}
						},
						"url": {
							"raw": "{{dev_ip}}/api/v2/individuals/search-keys",
							"host": [
								"{{dev_ip}}"
							],
							"path": [
								"api",
								"v2",
								"individuals",
								"search-keys"
							]
						}
					},
					"response": []
				},
				{
					"name": "Individuals Search by Object",
					"request": {
						"auth": {
							"type": "bearer",
							"bearer": [
								{
									"key": "token",
									"value": "{{token}}",
									"type": "string"
								}
							]
						},
						"method": "POST",
						"header": [
							{
								"key": "Init-Country",
								"value": "{{init_country}}",
								"type": "text"
							},
							{
								"key": "Channel-Identifier",
								"value": "{{channel_identifier}}",
								"type": "text"
							},
							{
								"key": "Unique-Reference",
								"value": "{{unique_reference}}",
								"type": "text"
							},
							{
								"key": "Time-Stamp",
								"value": "{{time_stamp}}",
								"type": "text"
							}
						],
						"body": {
							"mode": "raw",
							"raw": "{\r\n    \"parameters\": {\r\n        \"source_country\": \"JO\",\r\n        \"size\": 10,\r\n        \"pre_processing\": true,\r\n        \"party_id_not_in\": []\r\n    },\r\n    \"object\": {\r\n        \"names\": {\r\n            \"first_name_ar\": \"رنا\",\r\n            \"first_name_en\": \"rana\",\r\n            \"full_name_ar\": \"رنا جمال ابو شقاره\",\r\n            \"full_name_en\": null,\r\n            \"last_name_ar\": \"ابو شقاره\",\r\n            \"last_name_en\": \"abu shaqara\",\r\n            \"mother_name_ar\": \"نهيل\",\r\n            \"mother_name_en\": \"\",\r\n            \"second_name_ar\": \".جمال\",\r\n            \"second_name_en\": \"jamal\",\r\n            \"short_name_ar\": \"رنا ابو شقاره\",\r\n            \"short_name_en\": \"\",\r\n            \"third_name_ar\": \"نايف\",\r\n            \"third_name_en\": \"nayef\"\r\n        },\r\n        \"nationalities\": [\r\n            {\r\n                \"nationality\": \"\",\r\n                \"national_number\": \"\",\r\n                \"document_number\": null,\r\n                \"document_type\": null\r\n            \r\n            },\r\n            {\r\n                \"nationality\": \"\",\r\n                \"national_number\": \"\",\r\n                \"document_number\": null,\r\n                \"document_type\": null\r\n            }\r\n        ],\r\n        \"parties_country\": {\r\n            \"place_of_birth\": \"\",\r\n            \"date_of_birth\": \"\",\r\n            \"country_of_origin\": \"\"\r\n        }\r\n    }\r\n}",
							"options": {
								"raw": {
									"language": "json"
								}
							}
						},
						"url": {
							"raw": "{{dev_ip}}/api/v2/individuals/search-object/",
							"host": [
								"{{dev_ip}}"
							],
							"path": [
								"api",
								"v2",
								"individuals",
								"search-object",
								""
							]
						}
					},
					"response": []
				},
				{
					"name": "Search",
					"request": {
						"auth": {
							"type": "bearer",
							"bearer": [
								{
									"key": "token",
									"value": "{{token}}",
									"type": "string"
								}
							]
						},
						"method": "POST",
						"header": [
							{
								"key": "Init-Country",
								"value": "{{init_country}}",
								"type": "text"
							},
							{
								"key": "Channel-Identifier",
								"value": "{{channel_identifier}}",
								"type": "text"
							},
							{
								"key": "Unique-Reference",
								"value": "{{unique_reference}}",
								"type": "text"
							},
							{
								"key": "Time-Stamp",
								"value": "{{time_stamp}}",
								"type": "text"
							}
						],
						"body": {
							"mode": "raw",
							"raw": "{\r\n    \"parameters\": {\r\n        \"party_id\": \"012\",\r\n        \"role\": \"LL3\",\r\n        \"sequence\": 1,\r\n        \"source_country\": \"JO\",\r\n        \"organization\": \"AB\",\r\n        \"size\": 10,\r\n        \"pre_processing\": true,\r\n        \"party_id_not_in\": []\r\n    },\r\n    \"object\": {\r\n        \"names\": {\r\n            \"first_name_ar\": \"\",\r\n            \"first_name_en\": \"\",\r\n            \"full_name_ar\": \"\",\r\n            \"full_name_en\": \"\",\r\n            \"last_name_ar\": \"\",\r\n            \"last_name_en\": \"\",\r\n            \"mother_name_ar\": \"\",\r\n            \"mother_name_en\": \"\",\r\n            \"second_name_ar\": \"\",\r\n            \"second_name_en\": \"\",\r\n            \"short_name_ar\": \"\",\r\n            \"short_name_en\": \"\",\r\n            \"third_name_ar\": \"\",\r\n            \"third_name_en\": \"\"\r\n        },\r\n        \"nationalities\": [\r\n            {\r\n                \"nationality\": \"\",\r\n                \"document_number\": \"\",\r\n                \"document_type\": \"\",\r\n                \"national_number\": \"\"\r\n            },\r\n            {\r\n                \"document_number\": \"\",\r\n                \"nationality\": \"\",\r\n                \"document_type\": \"\",\r\n                \"national_number\": \"\"\r\n            }\r\n        ],\r\n        \"parties_country\": {\r\n            \"place_of_birth\": \"\",\r\n            \"date_of_birth\": \"\",\r\n            \"country_of_origin\": \"\"\r\n        }\r\n    }\r\n}",
							"options": {
								"raw": {
									"language": "json"
								}
							}
						},
						"url": {
							"raw": "{{dev_ip}}/api/v1/individuals/search/",
							"host": [
								"{{dev_ip}}"
							],
							"path": [
								"api",
								"v1",
								"individuals",
								"search",
								""
							]
						}
					},
					"response": []
				}
			]
		},
		{
			"name": "Individuals&Corporate",
			"item": [
				{
					"name": "checksum",
					"request": {
						"auth": {
							"type": "bearer",
							"bearer": [
								{
									"key": "token",
									"value": "{{token}}",
									"type": "string"
								}
							]
						},
						"method": "POST",
						"header": [
							{
								"key": "Init-Country",
								"value": "{{init_country}}",
								"type": "text"
							},
							{
								"key": "Channel-Identifier",
								"value": "{{channel_identifier}}",
								"type": "text"
							},
							{
								"key": "Unique-Reference",
								"value": "{{unique_reference}}",
								"type": "text"
							},
							{
								"key": "Time-Stamp",
								"value": "{{time_stamp}}",
								"type": "text"
							},
							{
								"key": "x-access-token",
								"value": "{{token}}",
								"type": "text"
							}
						],
						"body": {
							"mode": "raw",
							"raw": "{\r\n    \"party_id\":\"07\",\r\n    \"role\": \"LL3\",\r\n    \"sequence\": 1,\r\n    \"source_country\": \"JO\",\r\n    \"organization\": \"AB\"\r\n}\r\n",
							"options": {
								"raw": {
									"language": "json"
								}
							}
						},
						"url": {
							"raw": "{{dev_ip}}/api/v2/individuals_corporate/checksum",
							"host": [
								"{{dev_ip}}"
							],
							"path": [
								"api",
								"v2",
								"individuals_corporate",
								"checksum"
							]
						}
					},
					"response": []
				},
				{
					"name": "Flag delete",
					"request": {
						"auth": {
							"type": "bearer",
							"bearer": [
								{
									"key": "token",
									"value": "{{token}}",
									"type": "string"
								}
							]
						},
						"method": "DELETE",
						"header": [
							{
								"key": "Init-Country",
								"value": "{{init_country}}",
								"type": "text"
							},
							{
								"key": "Channel-Identifier",
								"value": "{{channel_identifier}}",
								"type": "text"
							},
							{
								"key": "Unique-Reference",
								"value": "{{unique_reference}}",
								"type": "text"
							},
							{
								"key": "Time-Stamp",
								"value": "{{time_stamp}}",
								"type": "text"
							},
							{
								"key": "x-access-token",
								"value": "{{token}}",
								"type": "text"
							}
						],
						"url": {
							"raw": "{{dev_ip}}/api/v2/individuals_corporate/flag-delete/07",
							"host": [
								"{{dev_ip}}"
							],
							"path": [
								"api",
								"v2",
								"individuals_corporate",
								"flag-delete",
								"07"
							]
						}
					},
					"response": []
				},
				{
					"name": "Delete flagged deleted",
					"request": {
						"auth": {
							"type": "bearer",
							"bearer": [
								{
									"key": "token",
									"value": "{{token}}",
									"type": "string"
								}
							]
						},
						"method": "DELETE",
						"header": [
							{
								"key": "Init-Country",
								"value": "{{init_country}}",
								"type": "text"
							},
							{
								"key": "Channel-Identifier",
								"value": "{{channel_identifier}}",
								"type": "text"
							},
							{
								"key": "Unique-Reference",
								"value": "{{unique_reference}}",
								"type": "text"
							},
							{
								"key": "Time-Stamp",
								"value": "{{time_stamp}}",
								"type": "text"
							},
							{
								"key": "x-access-token",
								"value": "{{token}}",
								"type": "text"
							}
						],
						"url": {
							"raw": "{{dev_ip}}/api/v2/individuals_corporate/delete-flagged-deleted/07",
							"host": [
								"{{dev_ip}}"
							],
							"path": [
								"api",
								"v2",
								"individuals_corporate",
								"delete-flagged-deleted",
								"07"
							]
						}
					},
					"response": []
				},
				{
					"name": "Physical Delete by Keys",
					"request": {
						"auth": {
							"type": "bearer",
							"bearer": [
								{
									"key": "token",
									"value": "{{token}}",
									"type": "string"
								}
							]
						},
						"method": "DELETE",
						"header": [
							{
								"key": "Init-Country",
								"value": "{{init_country}}",
								"type": "text"
							},
							{
								"key": "Channel-Identifier",
								"value": "{{channel_identifier}}",
								"type": "text"
							},
							{
								"key": "Unique-Reference",
								"value": "{{unique_reference}}",
								"type": "text"
							},
							{
								"key": "Time-Stamp",
								"value": "{{time_stamp}}",
								"type": "text"
							}
						],
						"body": {
							"mode": "raw",
							"raw": "{\r\n    \"party_id\": \"07\",\r\n    \"role\": \"LL3\",\r\n    \"sequence\": 1,\r\n    \"source_country\": \"JO\",\r\n    \"organization\": \"AB\"\r\n}",
							"options": {
								"raw": {
									"language": "json"
								}
							}
						},
						"url": {
							"raw": "{{dev_ip}}/api/v2/individuals_corporate/physical-delete-by-keys/",
							"host": [
								"{{dev_ip}}"
							],
							"path": [
								"api",
								"v2",
								"individuals_corporate",
								"physical-delete-by-keys",
								""
							]
						}
					},
					"response": []
				}
			]
		},
		{
			"name": "index_settings",
			"item": [
				{
					"name": "field_settings",
					"request": {
						"auth": {
							"type": "bearer",
							"bearer": [
								{
									"key": "token",
									"value": "{{token}}",
									"type": "string"
								}
							]
						},
						"method": "PUT",
						"header": [
							{
								"key": "Content-Type",
								"value": "application/json",
								"name": "Content-Type",
								"type": "text"
							},
							{
								"key": "Init-Country",
								"value": "{{init_country}}",
								"type": "text"
							},
							{
								"key": "Channel-Identifier",
								"value": "{{channel_identifier}}",
								"type": "text"
							},
							{
								"key": "Unique-Reference",
								"value": "{{unique_reference}}",
								"type": "text"
							},
							{
								"key": "Time-Stamp",
								"value": "{{time_stamp}}",
								"type": "text"
							},
							{
								"key": "",
								"value": "",
								"type": "text",
								"disabled": true
							}
						],
						"body": {
							"mode": "raw",
							"raw": "{\n    \"cor_local_weight\": 0.0,\n    \"cor_global_weight\": 0.0,\n    \"local_weight\": 10.0,\n    \"global_weight\": 10.0,\n    \"search_type\": \"phonetics\"\n}"
						},
						"url": {
							"raw": "{{dev_ip}}/api/v1/settings/names/first_name_ar22",
							"host": [
								"{{dev_ip}}"
							],
							"path": [
								"api",
								"v1",
								"settings",
								"names",
								"first_name_ar22"
							]
						}
					},
					"response": []
				},
				{
					"name": "settings",
					"request": {
						"auth": {
							"type": "bearer",
							"bearer": [
								{
									"key": "token",
									"value": "{{token}}",
									"type": "string"
								}
							]
						},
						"method": "GET",
						"header": [
							{
								"key": "Content-Type",
								"value": "application/json",
								"name": "Content-Type",
								"type": "text"
							},
							{
								"key": "Init-Country",
								"value": "{{init_country}}",
								"type": "text"
							},
							{
								"key": "Channel-Identifier",
								"value": "{{channel_identifier}}",
								"type": "text"
							},
							{
								"key": "Unique-Reference",
								"value": "{{unique_reference}}",
								"type": "text"
							},
							{
								"key": "Time-Stamp",
								"value": "{{time_stamp}}",
								"type": "text"
							},
							{
								"key": "x-access-token",
								"value": "{{token}}",
								"type": "text"
							}
						],
						"url": {
							"raw": "{{dev_ip}}/api/v1/settings",
							"host": [
								"{{dev_ip}}"
							],
							"path": [
								"api",
								"v1",
								"settings"
							]
						}
					},
					"response": []
				},
				{
					"name": "filed-settings",
					"request": {
						"auth": {
							"type": "bearer",
							"bearer": [
								{
									"key": "token",
									"value": "{{token}}",
									"type": "string"
								}
							]
						},
						"method": "GET",
						"header": [],
						"url": {
							"raw": "{{dev_ip}}/api/v1/settings/names/first_name_ar",
							"host": [
								"{{dev_ip}}"
							],
							"path": [
								"api",
								"v1",
								"settings",
								"names",
								"first_name_ar"
							]
						}
					},
					"response": []
				}
			]
		},
		{
			"name": "Welcome to Phonetics",
			"request": {
				"method": "GET",
				"header": [],
				"url": {
					"raw": "{{dev_ip}}/",
					"host": [
						"{{dev_ip}}"
					],
					"path": [
						""
					]
				}
			},
			"response": []
		}
	],
	"auth": {
		"type": "bearer",
		"bearer": [
			{
				"key": "token",
				"value": "eyJhbGciOiJIUzI1NiIsInR5cCI6IkpXVCJ9.eyJwdWJsaWNfaWQiOiI5NmUxOGExYS05ZDIxLTQ0ZTQtODdkZC0zYzc1ZDljMGI1OWYiLCJleHAiOjE3MDgyNzkxNzV9.qLg7B9iYJp9E68k8vwAtJMBG5g8rK8nj6U_ADeZMKwM",
				"type": "string"
			}
		]
	},
	"event": [
		{
			"listen": "prerequest",
			"script": {
				"type": "text/javascript",
				"exec": [
					""
				]
			}
		},
		{
			"listen": "test",
			"script": {
				"type": "text/javascript",
				"exec": [
					""
				]
			}
		}
	],
	"variable": [
		{
			"key": "init_country",
			"value": "JO"
		},
		{
			"key": "channel_identifier",
			"value": "channel_identifier"
		},
		{
			"key": "unique_reference",
			"value": "unique_reference"
		},
		{
			"key": "time_stamp",
			"value": "27-08-2024 21:23"
		},
		{
			"key": "ip",
			"value": "http://10.101.15.30:8888"
		},
		{
			"key": "token",
			"value": "eyJhbGciOiJIUzI1NiIsInR5cCI6IkpXVCJ9.eyJwdWJsaWNfaWQiOiI2ZDE0ZWQyYS0yMGMwLTQyMjYtYWY4NS05MWYzN2Y0NjVhNDYiLCJleHAiOjE3MTMzNzMyMTZ9.ePsYzi_YGZ8loT14VWLQQeTyP4_hh132hIAa539eNaY"
		},
		{
			"key": "local_ip",
			"value": "http://127.0.0.1:8888"
		},
		{
			"key": "dev_ip",
			"value": "http://10.0.73.250:8889"
		},
		{
			"key": "test_ip",
			"value": "http://10.101.15.30:8888"
		}
	]
}